case_id,storm_id,init_time,forecast_hours,output_interval_hours,name,basin
2022024S09090-CE01-L024,2022024S09090,2022-01-31T12:00:00Z,30,6,BATSIRAI,SI
2022024S09090-CE01-L048,2022024S09090,2022-01-30T12:00:00Z,54,6,BATSIRAI,SI
2022024S09090-CE01-L072,2022024S09090,2022-01-29T12:00:00Z,78,6,BATSIRAI,SI
2022024S09090-CE01-L096,2022024S09090,2022-01-28T12:00:00Z,102,6,BATSIRAI,SI
2022024S09090-CE01-L120,2022024S09090,2022-01-27T12:00:00Z,126,6,BATSIRAI,SI
2022024S09090-CE02-L024,2022024S09090,2022-02-04T18:00:00Z,24,6,BATSIRAI,SI
2022024S09090-CE02-L048,2022024S09090,2022-02-03T18:00:00Z,48,6,BATSIRAI,SI
2022024S09090-CE02-L072,2022024S09090,2022-02-02T18:00:00Z,72,6,BATSIRAI,SI
2022024S09090-CE02-L096,2022024S09090,2022-02-01T18:00:00Z,96,6,BATSIRAI,SI
2022024S09090-CE02-L120,2022024S09090,2022-01-31T18:00:00Z,120,6,BATSIRAI,SI
2022038S19164-CE01-L024,2022038S19164,2022-02-09T06:00:00Z,30,6,DOVI,SP
2022038S19164-CE01-L048,2022038S19164,2022-02-08T06:00:00Z,54,6,DOVI,SP
2022038S19164-CE01-L072,2022038S19164,2022-02-07T06:00:00Z,78,6,DOVI,SP
2022038S19164-CE01-L096,2022038S19164,2022-02-06T06:00:00Z,102,6,DOVI,SP
2022038S19164-CE01-L120,2022038S19164,2022-02-05T06:00:00Z,126,6,DOVI,SP
2022037S10103-CE02-L024,2022037S10103,2022-02-22T00:00:00Z,24,6,EMNATI,SI
2022037S10103-CE02-L048,2022037S10103,2022-02-21T00:00:00Z,48,6,EMNATI,SI
2022037S10103-CE02-L072,2022037S10103,2022-02-20T00:00:00Z,72,6,EMNATI,SI
2022037S10103-CE02-L096,2022037S10103,2022-02-19T00:00:00Z,96,6,EMNATI,SI
2022037S10103-CE02-L120,2022037S10103,2022-02-18T00:00:00Z,120,6,EMNATI,SI
2022065S16055-CE02-L024,2022065S16055,2022-03-10T00:00:00Z,30,6,GOMBE,SI
2022065S16055-CE02-L048,2022065S16055,2022-03-09T00:00:00Z,54,6,GOMBE,SI
2022065S16055-CE02-L072,2022065S16055,2022-03-08T00:00:00Z,78,6,GOMBE,SI
2022065S16055-CE02-L096,2022065S16055,2022-03-07T00:00:00Z,102,6,GOMBE,SI
2022065S16055-CE02-L120,2022065S16055,2022-03-06T00:00:00Z,126,6,GOMBE,SI
2022096N03150-CE01-L024,2022096N03150,2022-04-14T06:00:00Z,24,6,MALAKAS,WP
2022096N03150-CE01-L048,2022096N03150,2022-04-13T06:00:00Z,48,6,MALAKAS,WP
2022096N03150-CE01-L072,2022096N03150,2022-04-12T06:00:00Z,72,6,MALAKAS,WP
2022096N03150-CE01-L096,2022096N03150,2022-04-11T06:00:00Z,96,6,MALAKAS,WP
2022096N03150-CE01-L120,2022096N03150,2022-04-10T06:00:00Z,120,6,MALAKAS,WP
2022126N07095-CE01-L024,2022126N07095,2022-05-10T12:00:00Z,30,6,ASANI,NI
2022126N07095-CE01-L048,2022126N07095,2022-05-09T12:00:00Z,54,6,ASANI,NI
2022126N07095-CE01-L072,2022126N07095,2022-05-08T12:00:00Z,78,6,ASANI,NI
2022126N07095-CE01-L096,2022126N07095,2022-05-07T12:00:00Z,102,6,ASANI,NI
2022126N07095-CE01-L120,2022126N07095,2022-05-06T12:00:00Z,126,6,ASANI,NI
2022148N13263-CE01-L024,2022148N13263,2022-05-29T18:00:00Z,30,6,AGATHA,EP
2022148N13263-CE01-L048,2022148N13263,2022-05-28T18:00:00Z,54,6,AGATHA,EP
2022148N13263-CE01-L072,2022148N13263,2022-05-27T18:00:00Z,78,6,AGATHA,EP
2022148N13263-CE01-L096,2022148N13263,2022-05-26T18:00:00Z,102,6,AGATHA,EP
2022148N13263-CE01-L120,2022148N13263,2022-05-25T18:00:00Z,126,6,AGATHA,EP
2022180N15117-CE01-L024,2022180N15117,2022-07-01T06:00:00Z,30,6,CHABA,WP
2022180N15117-CE01-L048,2022180N15117,2022-06-30T06:00:00Z,54,6,CHABA,WP
2022180N15117-CE01-L072,2022180N15117,2022-06-29T06:00:00Z,78,6,CHABA,WP
2022180N15117-CE01-L096,2022180N15117,2022-06-28T06:00:00Z,102,6,CHABA,WP
2022180N15117-CE01-L120,2022180N15117,2022-06-27T06:00:00Z,126,6,CHABA,WP
2022197N12260-CE01-L024,2022197N12260,2022-07-18T06:00:00Z,30,6,ESTELLE,EP
2022197N12260-CE01-L048,2022197N12260,2022-07-17T06:00:00Z,54,6,ESTELLE,EP
2022197N12260-CE01-L072,2022197N12260,2022-07-16T06:00:00Z,78,6,ESTELLE,EP
2022197N12260-CE01-L096,2022197N12260,2022-07-15T06:00:00Z,102,6,ESTELLE,EP
2022197N12260-CE01-L120,2022197N12260,2022-07-14T06:00:00Z,126,6,ESTELLE,EP
2022232N18131-CE01-L024,2022232N18131,2022-08-22T06:00:00Z,24,6,MA-ON,WP
2022232N18131-CE01-L048,2022232N18131,2022-08-21T06:00:00Z,48,6,MA-ON,WP
2022232N18131-CE01-L072,2022232N18131,2022-08-20T06:00:00Z,72,6,MA-ON,WP
2022232N18131-CE01-L096,2022232N18131,2022-08-19T06:00:00Z,96,6,MA-ON,WP
2022232N18131-CE01-L120,2022232N18131,2022-08-18T06:00:00Z,120,6,MA-ON,WP
2022239N22150-CE01-L024,2022239N22150,2022-08-28T06:00:00Z,30,6,HINNAMNOR,WP
2022239N22150-CE01-L048,2022239N22150,2022-08-27T06:00:00Z,54,6,HINNAMNOR,WP
2022239N22150-CE01-L072,2022239N22150,2022-08-26T06:00:00Z,78,6,HINNAMNOR,WP
2022239N22150-CE01-L096,2022239N22150,2022-08-25T06:00:00Z,102,6,HINNAMNOR,WP
2022239N22150-CE01-L120,2022239N22150,2022-08-24T06:00:00Z,126,6,HINNAMNOR,WP
2022239N22150-CE02-L024,2022239N22150,2022-08-29T18:00:00Z,30,6,HINNAMNOR,WP
2022239N22150-CE02-L048,2022239N22150,2022-08-28T18:00:00Z,54,6,HINNAMNOR,WP
2022239N22150-CE02-L072,2022239N22150,2022-08-27T18:00:00Z,78,6,HINNAMNOR,WP
2022239N22150-CE02-L096,2022239N22150,2022-08-26T18:00:00Z,102,6,HINNAMNOR,WP
2022239N22150-CE02-L120,2022239N22150,2022-08-25T18:00:00Z,126,6,HINNAMNOR,WP
2022239N22150-CE03-L024,2022239N22150,2022-09-02T12:00:00Z,30,6,HINNAMNOR,WP
2022239N22150-CE03-L048,2022239N22150,2022-09-01T12:00:00Z,54,6,HINNAMNOR,WP
2022239N22150-CE03-L072,2022239N22150,2022-08-31T12:00:00Z,78,6,HINNAMNOR,WP
2022239N22150-CE03-L096,2022239N22150,2022-08-30T12:00:00Z,102,6,HINNAMNOR,WP
2022239N22150-CE03-L120,2022239N22150,2022-08-29T12:00:00Z,126,6,HINNAMNOR,WP
2022248N14259-CE01-L024,2022248N14259,2022-09-07T18:00:00Z,30,6,KAY,EP
2022248N14259-CE01-L048,2022248N14259,2022-09-06T18:00:00Z,54,6,KAY,EP
2022248N14259-CE01-L072,2022248N14259,2022-09-05T18:00:00Z,78,6,KAY,EP
2022248N14259-CE01-L096,2022248N14259,2022-09-04T18:00:00Z,102,6,KAY,EP
2022248N14259-CE01-L120,2022248N14259,2022-09-03T18:00:00Z,126,6,KAY,EP
2022247N26147-CE01-L024,2022247N26147,2022-09-11T06:00:00Z,24,6,MUIFA,WP
2022247N26147-CE01-L048,2022247N26147,2022-09-10T06:00:00Z,48,6,MUIFA,WP
2022247N26147-CE01-L072,2022247N26147,2022-09-09T06:00:00Z,72,6,MUIFA,WP
2022247N26147-CE01-L096,2022247N26147,2022-09-08T06:00:00Z,96,6,MUIFA,WP
2022247N26147-CE01-L120,2022247N26147,2022-09-07T06:00:00Z,120,6,MUIFA,WP
2022246N18301-CE02-L024,2022246N18301,2022-09-11T06:00:00Z,24,6,EARL,NA
2022246N18301-CE02-L048,2022246N18301,2022-09-10T06:00:00Z,48,6,EARL,NA
2022246N18301-CE02-L072,2022246N18301,2022-09-09T06:00:00Z,72,6,EARL,NA
2022246N18301-CE02-L096,2022246N18301,2022-09-08T06:00:00Z,96,6,EARL,NA
2022246N18301-CE02-L120,2022246N18301,2022-09-07T06:00:00Z,120,6,EARL,NA
2022254N24143-CE01-L024,2022254N24143,2022-09-17T06:00:00Z,30,6,NANMADOL,WP
2022254N24143-CE01-L048,2022254N24143,2022-09-16T06:00:00Z,54,6,NANMADOL,WP
2022254N24143-CE01-L072,2022254N24143,2022-09-15T06:00:00Z,78,6,NANMADOL,WP
2022254N24143-CE01-L096,2022254N24143,2022-09-14T06:00:00Z,102,6,NANMADOL,WP
2022254N24143-CE01-L120,2022254N24143,2022-09-13T06:00:00Z,126,6,NANMADOL,WP
2022257N16312-CE01-L024,2022257N16312,2022-09-17T18:00:00Z,30,6,FIONA,NA
2022257N16312-CE01-L048,2022257N16312,2022-09-16T18:00:00Z,54,6,FIONA,NA
2022257N16312-CE01-L072,2022257N16312,2022-09-15T18:00:00Z,78,6,FIONA,NA
2022257N16312-CE01-L096,2022257N16312,2022-09-14T18:00:00Z,102,6,FIONA,NA
2022257N16312-CE01-L120,2022257N16312,2022-09-13T18:00:00Z,126,6,FIONA,NA
2022257N16312-CE02-L024,2022257N16312,2022-09-18T12:00:00Z,30,6,FIONA,NA
2022257N16312-CE02-L048,2022257N16312,2022-09-17T12:00:00Z,54,6,FIONA,NA
2022257N16312-CE02-L072,2022257N16312,2022-09-16T12:00:00Z,78,6,FIONA,NA
2022257N16312-CE02-L096,2022257N16312,2022-09-15T12:00:00Z,102,6,FIONA,NA
2022257N16312-CE02-L120,2022257N16312,2022-09-14T12:00:00Z,126,6,FIONA,NA
2022257N16312-CE03-L024,2022257N16312,2022-09-22T12:00:00Z,24,6,FIONA,NA
2022257N16312-CE03-L048,2022257N16312,2022-09-21T12:00:00Z,48,6,FIONA,NA
2022257N16312-CE03-L072,2022257N16312,2022-09-20T12:00:00Z,72,6,FIONA,NA
2022257N16312-CE03-L096,2022257N16312,2022-09-19T12:00:00Z,96,6,FIONA,NA
2022257N16312-CE03-L120,2022257N16312,2022-09-18T12:00:00Z,120,6,FIONA,NA
2022257N16312-CE04-L024,2022257N16312,2022-09-23T06:00:00Z,30,6,FIONA,NA
2022257N16312-CE04-L048,2022257N16312,2022-09-22T06:00:00Z,54,6,FIONA,NA
2022257N16312-CE04-L072,2022257N16312,2022-09-21T06:00:00Z,78,6,FIONA,NA
2022257N16312-CE04-L096,2022257N16312,2022-09-20T06:00:00Z,102,6,FIONA,NA
2022257N16312-CE04-L120,2022257N16312,2022-09-19T06:00:00Z,126,6,FIONA,NA
2022264N17132-CE01-L024,2022264N17132,2022-09-24T12:00:00Z,24,6,NORU,WP
2022264N17132-CE01-L048,2022264N17132,2022-09-23T12:00:00Z,48,6,NORU,WP
2022264N17132-CE01-L072,2022264N17132,2022-09-22T12:00:00Z,72,6,NORU,WP
2022264N17132-CE01-L096,2022264N17132,2022-09-21T12:00:00Z,96,6,NORU,WP
2022264N17132-CE01-L120,2022264N17132,2022-09-20T12:00:00Z,120,6,NORU,WP
2022264N17132-CE02-L024,2022264N17132,2022-09-24T18:00:00Z,24,6,NORU,WP
2022264N17132-CE02-L048,2022264N17132,2022-09-23T18:00:00Z,48,6,NORU,WP
2022264N17132-CE02-L072,2022264N17132,2022-09-22T18:00:00Z,72,6,NORU,WP
2022264N17132-CE02-L096,2022264N17132,2022-09-21T18:00:00Z,96,6,NORU,WP
2022264N17132-CE02-L120,2022264N17132,2022-09-20T18:00:00Z,120,6,NORU,WP
2022266N12294-CE01-L024,2022266N12294,2022-09-26T06:00:00Z,30,6,IAN,NA
2022266N12294-CE01-L048,2022266N12294,2022-09-25T06:00:00Z,54,6,IAN,NA
2022266N12294-CE01-L072,2022266N12294,2022-09-24T06:00:00Z,78,6,IAN,NA
2022266N12294-CE01-L096,2022266N12294,2022-09-23T06:00:00Z,102,6,IAN,NA
2022266N12294-CE01-L120,2022266N12294,2022-09-22T06:00:00Z,126,6,IAN,NA
2022264N17132-CE03-L024,2022264N17132,2022-09-26T18:00:00Z,30,6,NORU,WP
2022264N17132-CE03-L048,2022264N17132,2022-09-25T18:00:00Z,54,6,NORU,WP
2022264N17132-CE03-L072,2022264N17132,2022-09-24T18:00:00Z,78,6,NORU,WP
2022264N17132-CE03-L096,2022264N17132,2022-09-23T18:00:00Z,102,6,NORU,WP
2022264N17132-CE03-L120,2022264N17132,2022-09-22T18:00:00Z,126,6,NORU,WP
2022266N12294-CE02-L024,2022266N12294,2022-09-28T12:00:00Z,24,6,IAN,NA
2022266N12294-CE02-L048,2022266N12294,2022-09-27T12:00:00Z,48,6,IAN,NA
2022266N12294-CE02-L072,2022266N12294,2022-09-26T12:00:00Z,72,6,IAN,NA
2022266N12294-CE02-L096,2022266N12294,2022-09-25T12:00:00Z,96,6,IAN,NA
2022266N12294-CE02-L120,2022266N12294,2022-09-24T12:00:00Z,120,6,IAN,NA
2022272N14258-CE01-L024,2022272N14258,2022-10-02T06:00:00Z,24,6,ORLENE,EP
2022272N14258-CE01-L048,2022272N14258,2022-10-01T06:00:00Z,48,6,ORLENE,EP
2022272N14258-CE01-L072,2022272N14258,2022-09-30T06:00:00Z,72,6,ORLENE,EP
2022272N14258-CE01-L096,2022272N14258,2022-09-29T06:00:00Z,96,6,ORLENE,EP
2022272N14258-CE01-L120,2022272N14258,2022-09-28T06:00:00Z,120,6,ORLENE,EP
2022280N11294-CE01-L024,2022280N11294,2022-10-08T06:00:00Z,30,6,JULIA,NA
2022280N11294-CE01-L048,2022280N11294,2022-10-07T06:00:00Z,54,6,JULIA,NA
2022280N11294-CE01-L072,2022280N11294,2022-10-06T06:00:00Z,78,6,JULIA,NA
2022280N11294-CE01-L096,2022280N11294,2022-10-05T06:00:00Z,102,6,JULIA,NA
2022280N11294-CE01-L120,2022280N11294,2022-10-04T06:00:00Z,126,6,JULIA,NA
2022285N17140-CE01-L024,2022285N17140,2022-10-15T00:00:00Z,24,6,NESAT,WP
2022285N17140-CE01-L048,2022285N17140,2022-10-14T00:00:00Z,48,6,NESAT,WP
2022285N17140-CE01-L072,2022285N17140,2022-10-13T00:00:00Z,72,6,NESAT,WP
2022285N17140-CE01-L096,2022285N17140,2022-10-12T00:00:00Z,96,6,NESAT,WP
2022285N17140-CE01-L120,2022285N17140,2022-10-11T00:00:00Z,120,6,NESAT,WP
2022285N17140-CE02-L024,2022285N17140,2022-10-17T12:00:00Z,30,6,NESAT,WP
2022285N17140-CE02-L048,2022285N17140,2022-10-16T12:00:00Z,54,6,NESAT,WP
2022285N17140-CE02-L072,2022285N17140,2022-10-15T12:00:00Z,78,6,NESAT,WP
2022285N17140-CE02-L096,2022285N17140,2022-10-14T12:00:00Z,102,6,NESAT,WP
2022285N17140-CE02-L120,2022285N17140,2022-10-13T12:00:00Z,126,6,NESAT,WP
2022293N15259-CE01-L024,2022293N15259,2022-10-22T12:00:00Z,24,6,ROSLYN,EP
2022293N15259-CE01-L048,2022293N15259,2022-10-21T12:00:00Z,48,6,ROSLYN,EP
2022293N15259-CE01-L072,2022293N15259,2022-10-20T12:00:00Z,72,6,ROSLYN,EP
2022293N15259-CE01-L096,2022293N15259,2022-10-19T12:00:00Z,96,6,ROSLYN,EP
2022293N15259-CE01-L120,2022293N15259,2022-10-18T12:00:00Z,120,6,ROSLYN,EP
2022304N16287-CE01-L024,2022304N16287,2022-11-01T18:00:00Z,30,6,LISA,NA
2022304N16287-CE01-L048,2022304N16287,2022-10-31T18:00:00Z,54,6,LISA,NA
2022304N16287-CE01-L072,2022304N16287,2022-10-30T18:00:00Z,78,6,LISA,NA
2022304N16287-CE01-L096,2022304N16287,2022-10-29T18:00:00Z,102,6,LISA,NA
2022304N16287-CE01-L120,2022304N16287,2022-10-28T18:00:00Z,126,6,LISA,NA
2022299N11134-CE01-L024,2022299N11134,2022-11-02T00:00:00Z,24,6,NALGAE,WP
2022299N11134-CE01-L048,2022299N11134,2022-11-01T00:00:00Z,48,6,NALGAE,WP
2022299N11134-CE01-L072,2022299N11134,2022-10-31T00:00:00Z,72,6,NALGAE,WP
2022299N11134-CE01-L096,2022299N11134,2022-10-30T00:00:00Z,96,6,NALGAE,WP
2022299N11134-CE01-L120,2022299N11134,2022-10-29T00:00:00Z,120,6,NALGAE,WP
2022311N21293-CE01-L024,2022311N21293,2022-11-08T18:00:00Z,24,6,NICOLE,NA
2022311N21293-CE01-L048,2022311N21293,2022-11-07T18:00:00Z,48,6,NICOLE,NA
2022311N21293-CE01-L072,2022311N21293,2022-11-06T18:00:00Z,72,6,NICOLE,NA
2022311N21293-CE01-L096,2022311N21293,2022-11-05T18:00:00Z,96,6,NICOLE,NA
2022311N21293-CE01-L120,2022311N21293,2022-11-04T18:00:00Z,120,6,NICOLE,NA
2023036S12163-CE02-L024,2023036S12163,2023-02-10T12:00:00Z,24,6,GABRIELLE,SP
2023036S12163-CE02-L048,2023036S12163,2023-02-09T12:00:00Z,48,6,GABRIELLE,SP
2023036S12163-CE02-L072,2023036S12163,2023-02-08T12:00:00Z,72,6,GABRIELLE,SP
2023036S12163-CE02-L096,2023036S12163,2023-02-07T12:00:00Z,96,6,GABRIELLE,SP
2023036S12163-CE02-L120,2023036S12163,2023-02-06T12:00:00Z,120,6,GABRIELLE,SP
2023036S12117-CE02-L024,2023036S12117,2023-02-20T18:00:00Z,24,6,FREDDY,SI
2023036S12117-CE02-L048,2023036S12117,2023-02-19T18:00:00Z,48,6,FREDDY,SI
2023036S12117-CE02-L072,2023036S12117,2023-02-18T18:00:00Z,72,6,FREDDY,SI
2023036S12117-CE02-L096,2023036S12117,2023-02-17T18:00:00Z,96,6,FREDDY,SI
2023036S12117-CE02-L120,2023036S12117,2023-02-16T18:00:00Z,120,6,FREDDY,SI
2023036S12117-CE03-L024,2023036S12117,2023-02-23T12:00:00Z,24,6,FREDDY,SI
2023036S12117-CE03-L048,2023036S12117,2023-02-22T12:00:00Z,48,6,FREDDY,SI
2023036S12117-CE03-L072,2023036S12117,2023-02-21T12:00:00Z,72,6,FREDDY,SI
2023036S12117-CE03-L096,2023036S12117,2023-02-20T12:00:00Z,96,6,FREDDY,SI
2023036S12117-CE03-L120,2023036S12117,2023-02-19T12:00:00Z,120,6,FREDDY,SI
2023055S14184-CE01-L024,2023055S14184,2023-02-27T12:00:00Z,24,6,JUDY,SP
2023055S14184-CE01-L048,2023055S14184,2023-02-26T12:00:00Z,48,6,JUDY,SP
2023055S14184-CE01-L072,2023055S14184,2023-02-25T12:00:00Z,72,6,JUDY,SP
2023055S14184-CE01-L096,2023055S14184,2023-02-24T12:00:00Z,96,6,JUDY,SP
2023055S14184-CE01-L120,2023055S14184,2023-02-23T12:00:00Z,120,6,JUDY,SP
2023059S15149-CE01-L024,2023059S15149,2023-03-02T12:00:00Z,30,6,KEVIN,SP
2023059S15149-CE01-L048,2023059S15149,2023-03-01T12:00:00Z,54,6,KEVIN,SP
2023059S15149-CE01-L072,2023059S15149,2023-02-28T12:00:00Z,78,6,KEVIN,SP
2023059S15149-CE01-L096,2023059S15149,2023-02-27T12:00:00Z,102,6,KEVIN,SP
2023059S15149-CE01-L120,2023059S15149,2023-02-26T12:00:00Z,126,6,KEVIN,SP
2023036S12117-CE05-L024,2023036S12117,2023-03-07T00:00:00Z,30,6,FREDDY,SI
2023036S12117-CE05-L048,2023036S12117,2023-03-06T00:00:00Z,54,6,FREDDY,SI
2023036S12117-CE05-L072,2023036S12117,2023-03-05T00:00:00Z,78,6,FREDDY,SI
2023036S12117-CE05-L096,2023036S12117,2023-03-04T00:00:00Z,102,6,FREDDY,SI
2023036S12117-CE05-L120,2023036S12117,2023-03-03T00:00:00Z,126,6,FREDDY,SI
2023036S12117-CE06-L024,2023036S12117,2023-03-10T18:00:00Z,30,6,FREDDY,SI
2023036S12117-CE06-L048,2023036S12117,2023-03-09T18:00:00Z,54,6,FREDDY,SI
2023036S12117-CE06-L072,2023036S12117,2023-03-08T18:00:00Z,78,6,FREDDY,SI
2023036S12117-CE06-L096,2023036S12117,2023-03-07T18:00:00Z,102,6,FREDDY,SI
2023036S12117-CE06-L120,2023036S12117,2023-03-06T18:00:00Z,126,6,FREDDY,SI
2023096S07135-CE01-L024,2023096S07135,2023-04-12T18:00:00Z,24,6,ILSA,SI
2023096S07135-CE01-L048,2023096S07135,2023-04-11T18:00:00Z,48,6,ILSA,SI
2023096S07135-CE01-L072,2023096S07135,2023-04-10T18:00:00Z,72,6,ILSA,SI
2023096S07135-CE01-L096,2023096S07135,2023-04-09T18:00:00Z,96,6,ILSA,SI
2023096S07135-CE01-L120,2023096S07135,2023-04-08T18:00:00Z,120,6,ILSA,SI
2023129N08091-CE01-L024,2023129N08091,2023-05-13T06:00:00Z,30,6,MOCHA,NI
2023129N08091-CE01-L048,2023129N08091,2023-05-12T06:00:00Z,54,6,MOCHA,NI
2023129N08091-CE01-L072,2023129N08091,2023-05-11T06:00:00Z,78,6,MOCHA,NI
2023129N08091-CE01-L096,2023129N08091,2023-05-10T06:00:00Z,102,6,MOCHA,NI
2023129N08091-CE01-L120,2023129N08091,2023-05-09T06:00:00Z,126,6,MOCHA,NI
2023138N05151-CE03-L024,2023138N05151,2023-05-23T12:00:00Z,24,6,MAWAR,WP
2023138N05151-CE03-L048,2023138N05151,2023-05-22T12:00:00Z,48,6,MAWAR,WP
2023138N05151-CE03-L072,2023138N05151,2023-05-21T12:00:00Z,72,6,MAWAR,WP
2023138N05151-CE03-L096,2023138N05151,2023-05-20T12:00:00Z,96,6,MAWAR,WP
2023138N05151-CE03-L120,2023138N05151,2023-05-19T12:00:00Z,120,6,MAWAR,WP
2023138N05151-CE06-L024,2023138N05151,2023-05-31T18:00:00Z,24,6,MAWAR,WP
2023138N05151-CE06-L048,2023138N05151,2023-05-30T18:00:00Z,48,6,MAWAR,WP
2023138N05151-CE06-L072,2023138N05151,2023-05-29T18:00:00Z,72,6,MAWAR,WP
2023138N05151-CE06-L096,2023138N05151,2023-05-28T18:00:00Z,96,6,MAWAR,WP
2023138N05151-CE06-L120,2023138N05151,2023-05-27T18:00:00Z,120,6,MAWAR,WP
2023156N12135-CE01-L024,2023156N12135,2023-06-10T06:00:00Z,24,6,GUCHOL,WP
2023156N12135-CE01-L048,2023156N12135,2023-06-09T06:00:00Z,48,6,GUCHOL,WP
2023156N12135-CE01-L072,2023156N12135,2023-06-08T06:00:00Z,72,6,GUCHOL,WP
2023156N12135-CE01-L096,2023156N12135,2023-06-07T06:00:00Z,96,6,GUCHOL,WP
2023156N12135-CE01-L120,2023156N12135,2023-06-06T06:00:00Z,120,6,GUCHOL,WP
2023180N13264-CE01-L024,2023180N13264,2023-06-30T06:00:00Z,24,6,BEATRIZ,EP
2023180N13264-CE01-L048,2023180N13264,2023-06-29T06:00:00Z,48,6,BEATRIZ,EP
2023180N13264-CE01-L072,2023180N13264,2023-06-28T06:00:00Z,72,6,BEATRIZ,EP
2023180N13264-CE01-L096,2023180N13264,2023-06-27T06:00:00Z,96,6,BEATRIZ,EP
2023180N13264-CE01-L120,2023180N13264,2023-06-26T06:00:00Z,120,6,BEATRIZ,EP
2023179N15256-CE01-L024,2023179N15256,2023-06-30T18:00:00Z,24,6,ADRIAN,EP
2023179N15256-CE01-L048,2023179N15256,2023-06-29T18:00:00Z,48,6,ADRIAN,EP
2023179N15256-CE01-L072,2023179N15256,2023-06-28T18:00:00Z,72,6,ADRIAN,EP
2023179N15256-CE01-L096,2023179N15256,2023-06-27T18:00:00Z,96,6,ADRIAN,EP
2023179N15256-CE01-L120,2023179N15256,2023-06-26T18:00:00Z,120,6,ADRIAN,EP
2023194N16123-CE01-L024,2023194N16123,2023-07-16T12:00:00Z,30,6,TALIM,WP
2023194N16123-CE01-L048,2023194N16123,2023-07-15T12:00:00Z,54,6,TALIM,WP
2023194N16123-CE01-L072,2023194N16123,2023-07-14T12:00:00Z,78,6,TALIM,WP
2023194N16123-CE01-L096,2023194N16123,2023-07-13T12:00:00Z,102,6,TALIM,WP
2023194N16123-CE01-L120,2023194N16123,2023-07-12T12:00:00Z,126,6,TALIM,WP
2023201N13134-CE02-L024,2023201N13134,2023-07-24T18:00:00Z,24,6,DOKSURI,WP
2023201N13134-CE02-L048,2023201N13134,2023-07-23T18:00:00Z,48,6,DOKSURI,WP
2023201N13134-CE02-L072,2023201N13134,2023-07-22T18:00:00Z,72,6,DOKSURI,WP
2023201N13134-CE02-L096,2023201N13134,2023-07-21T18:00:00Z,96,6,DOKSURI,WP
2023201N13134-CE02-L120,2023201N13134,2023-07-20T18:00:00Z,120,6,DOKSURI,WP
2023207N09141-CE01-L024,2023207N09141,2023-08-08T12:00:00Z,30,6,KHANUN,WP
2023207N09141-CE01-L048,2023207N09141,2023-08-07T12:00:00Z,54,6,KHANUN,WP
2023207N09141-CE01-L072,2023207N09141,2023-08-06T12:00:00Z,78,6,KHANUN,WP
2023207N09141-CE01-L096,2023207N09141,2023-08-05T12:00:00Z,102,6,KHANUN,WP
2023207N09141-CE01-L120,2023207N09141,2023-08-04T12:00:00Z,126,6,KHANUN,WP
2023218N25145-CE01-L024,2023218N25145,2023-08-13T18:00:00Z,30,6,LAN,WP
2023218N25145-CE01-L048,2023218N25145,2023-08-12T18:00:00Z,54,6,LAN,WP
2023218N25145-CE01-L072,2023218N25145,2023-08-11T18:00:00Z,78,6,LAN,WP
2023218N25145-CE01-L096,2023218N25145,2023-08-10T18:00:00Z,102,6,LAN,WP
2023218N25145-CE01-L120,2023218N25145,2023-08-09T18:00:00Z,126,6,LAN,WP
2023228N12259-CE01-L024,2023228N12259,2023-08-19T12:00:00Z,30,6,HILARY,EP
2023228N12259-CE01-L048,2023228N12259,2023-08-18T12:00:00Z,54,6,HILARY,EP
2023228N12259-CE01-L072,2023228N12259,2023-08-17T12:00:00Z,78,6,HILARY,EP
2023228N12259-CE01-L096,2023228N12259,2023-08-16T12:00:00Z,102,6,HILARY,EP
2023228N12259-CE01-L120,2023228N12259,2023-08-15T12:00:00Z,126,6,HILARY,EP
2023234N18128-CE01-L024,2023234N18128,2023-08-25T18:00:00Z,30,6,SAOLA,WP
2023234N18128-CE01-L048,2023234N18128,2023-08-24T18:00:00Z,54,6,SAOLA,WP
2023234N18128-CE01-L072,2023234N18128,2023-08-23T18:00:00Z,78,6,SAOLA,WP
2023234N18128-CE01-L096,2023234N18128,2023-08-22T18:00:00Z,102,6,SAOLA,WP
2023234N18128-CE01-L120,2023234N18128,2023-08-21T18:00:00Z,126,6,SAOLA,WP
2023234N18128-CE02-L024,2023234N18128,2023-08-28T18:00:00Z,24,6,SAOLA,WP
2023234N18128-CE02-L048,2023234N18128,2023-08-27T18:00:00Z,48,6,SAOLA,WP
2023234N18128-CE02-L072,2023234N18128,2023-08-26T18:00:00Z,72,6,SAOLA,WP
2023234N18128-CE02-L096,2023234N18128,2023-08-25T18:00:00Z,96,6,SAOLA,WP
2023234N18128-CE02-L120,2023234N18128,2023-08-24T18:00:00Z,120,6,SAOLA,WP
2023239N21274-CE01-L024,2023239N21274,2023-08-29T12:00:00Z,24,6,IDALIA,NA
2023239N21274-CE01-L048,2023239N21274,2023-08-28T12:00:00Z,48,6,IDALIA,NA
2023239N21274-CE01-L072,2023239N21274,2023-08-27T12:00:00Z,72,6,IDALIA,NA
2023239N21274-CE01-L096,2023239N21274,2023-08-26T12:00:00Z,96,6,IDALIA,NA
2023239N21274-CE01-L120,2023239N21274,2023-08-25T12:00:00Z,120,6,IDALIA,NA
2023234N18128-CE03-L024,2023234N18128,2023-08-31T12:00:00Z,30,6,SAOLA,WP
2023234N18128-CE03-L048,2023234N18128,2023-08-30T12:00:00Z,54,6,SAOLA,WP
2023234N18128-CE03-L072,2023234N18128,2023-08-29T12:00:00Z,78,6,SAOLA,WP
2023234N18128-CE03-L096,2023234N18128,2023-08-28T12:00:00Z,102,6,SAOLA,WP
2023234N18128-CE03-L120,2023234N18128,2023-08-27T12:00:00Z,126,6,SAOLA,WP
2023239N18144-CE01-L024,2023239N18144,2023-09-02T06:00:00Z,30,6,HAIKUI,WP
2023239N18144-CE01-L048,2023239N18144,2023-09-01T06:00:00Z,54,6,HAIKUI,WP
2023239N18144-CE01-L072,2023239N18144,2023-08-31T06:00:00Z,78,6,HAIKUI,WP
2023239N18144-CE01-L096,2023239N18144,2023-08-30T06:00:00Z,102,6,HAIKUI,WP
2023239N18144-CE01-L120,2023239N18144,2023-08-29T06:00:00Z,126,6,HAIKUI,WP
2023249N12320-CE01-L024,2023249N12320,2023-09-15T18:00:00Z,30,6,LEE,NA
2023249N12320-CE01-L048,2023249N12320,2023-09-14T18:00:00Z,54,6,LEE,NA
2023249N12320-CE01-L072,2023249N12320,2023-09-13T18:00:00Z,78,6,LEE,NA
2023249N12320-CE01-L096,2023249N12320,2023-09-12T18:00:00Z,102,6,LEE,NA
2023249N12320-CE01-L120,2023249N12320,2023-09-11T18:00:00Z,126,6,LEE,NA
2023271N14144-CE02-L024,2023271N14144,2023-10-04T00:00:00Z,24,6,KOINU,WP
2023271N14144-CE02-L048,2023271N14144,2023-10-03T00:00:00Z,48,6,KOINU,WP
2023271N14144-CE02-L072,2023271N14144,2023-10-02T00:00:00Z,72,6,KOINU,WP
2023271N14144-CE02-L096,2023271N14144,2023-10-01T00:00:00Z,96,6,KOINU,WP
2023271N14144-CE02-L120,2023271N14144,2023-09-30T00:00:00Z,120,6,KOINU,WP
2023271N14144-CE03-L024,2023271N14144,2023-10-08T06:00:00Z,24,6,KOINU,WP
2023271N14144-CE03-L048,2023271N14144,2023-10-07T06:00:00Z,48,6,KOINU,WP
2023271N14144-CE03-L072,2023271N14144,2023-10-06T06:00:00Z,72,6,KOINU,WP
2023271N14144-CE03-L096,2023271N14144,2023-10-05T06:00:00Z,96,6,KOINU,WP
2023271N14144-CE03-L120,2023271N14144,2023-10-04T06:00:00Z,120,6,KOINU,WP
2023279N08157-CE01-L024,2023279N08157,2023-10-09T06:00:00Z,30,6,BOLAVEN,WP
2023279N08157-CE01-L048,2023279N08157,2023-10-08T06:00:00Z,54,6,BOLAVEN,WP
2023279N08157-CE01-L072,2023279N08157,2023-10-07T06:00:00Z,78,6,BOLAVEN,WP
2023279N08157-CE01-L096,2023279N08157,2023-10-06T06:00:00Z,102,6,BOLAVEN,WP
2023279N08157-CE01-L120,2023279N08157,2023-10-05T06:00:00Z,126,6,BOLAVEN,WP
2023276N11254-CE02-L024,2023276N11254,2023-10-10T00:00:00Z,24,6,LIDIA,EP
2023276N11254-CE02-L048,2023276N11254,2023-10-09T00:00:00Z,48,6,LIDIA,EP
2023276N11254-CE02-L072,2023276N11254,2023-10-08T00:00:00Z,72,6,LIDIA,EP
2023276N11254-CE02-L096,2023276N11254,2023-10-07T00:00:00Z,96,6,LIDIA,EP
2023276N11254-CE02-L120,2023276N11254,2023-10-06T00:00:00Z,120,6,LIDIA,EP
2023290N12256-CE01-L024,2023290N12256,2023-10-20T18:00:00Z,30,6,NORMA,EP
2023290N12256-CE01-L048,2023290N12256,2023-10-19T18:00:00Z,54,6,NORMA,EP
2023290N12256-CE01-L072,2023290N12256,2023-10-18T18:00:00Z,78,6,NORMA,EP
2023290N12256-CE01-L096,2023290N12256,2023-10-17T18:00:00Z,102,6,NORMA,EP
2023290N12256-CE01-L120,2023290N12256,2023-10-16T18:00:00Z,126,6,NORMA,EP
2023292N13309-CE02-L024,2023292N13309,2023-10-21T00:00:00Z,30,6,TAMMY,NA
2023292N13309-CE02-L048,2023292N13309,2023-10-20T00:00:00Z,54,6,TAMMY,NA
2023292N13309-CE02-L072,2023292N13309,2023-10-19T00:00:00Z,78,6,TAMMY,NA
2023292N13309-CE02-L096,2023292N13309,2023-10-18T00:00:00Z,102,6,TAMMY,NA
2023292N13309-CE02-L120,2023292N13309,2023-10-17T00:00:00Z,126,6,TAMMY,NA
2023290N12256-CE02-L024,2023290N12256,2023-10-21T06:00:00Z,24,6,NORMA,EP
2023290N12256-CE02-L048,2023290N12256,2023-10-20T06:00:00Z,48,6,NORMA,EP
2023290N12256-CE02-L072,2023290N12256,2023-10-19T06:00:00Z,72,6,NORMA,EP
2023290N12256-CE02-L096,2023290N12256,2023-10-18T06:00:00Z,96,6,NORMA,EP
2023290N12256-CE02-L120,2023290N12256,2023-10-17T06:00:00Z,120,6,NORMA,EP
2023292N11063-CE01-L024,2023292N11063,2023-10-21T06:00:00Z,30,6,TEJ,NI
2023292N11063-CE01-L048,2023292N11063,2023-10-20T06:00:00Z,54,6,TEJ,NI
2023292N11063-CE01-L072,2023292N11063,2023-10-19T06:00:00Z,78,6,TEJ,NI
2023292N11063-CE01-L096,2023292N11063,2023-10-18T06:00:00Z,102,6,TEJ,NI
2023292N11063-CE01-L120,2023292N11063,2023-10-17T06:00:00Z,126,6,TEJ,NI
2023292N11063-CE02-L024,2023292N11063,2023-10-23T00:00:00Z,30,6,TEJ,NI
2023292N11063-CE02-L048,2023292N11063,2023-10-22T00:00:00Z,54,6,TEJ,NI
2023292N11063-CE02-L072,2023292N11063,2023-10-21T00:00:00Z,78,6,TEJ,NI
2023292N11063-CE02-L096,2023292N11063,2023-10-20T00:00:00Z,102,6,TEJ,NI
2023292N11063-CE02-L120,2023292N11063,2023-10-19T00:00:00Z,126,6,TEJ,NI
2023292S03172-CE01-L024,2023292S03172,2023-10-23T18:00:00Z,24,6,LOLA,SP
2023292S03172-CE01-L048,2023292S03172,2023-10-22T18:00:00Z,48,6,LOLA,SP
2023292S03172-CE01-L072,2023292S03172,2023-10-21T18:00:00Z,72,6,LOLA,SP
2023292S03172-CE01-L096,2023292S03172,2023-10-20T18:00:00Z,96,6,LOLA,SP
2023292S03172-CE01-L120,2023292S03172,2023-10-19T18:00:00Z,120,6,LOLA,SP
2023293N12089-CE01-L024,2023293N12089,2023-10-24T00:00:00Z,24,6,HAMOON,NI
2023293N12089-CE01-L048,2023293N12089,2023-10-23T00:00:00Z,48,6,HAMOON,NI
2023293N12089-CE01-L072,2023293N12089,2023-10-22T00:00:00Z,72,6,HAMOON,NI
2023293N12089-CE01-L096,2023293N12089,2023-10-21T00:00:00Z,96,6,HAMOON,NI
2023293N12089-CE01-L120,2023293N12089,2023-10-20T00:00:00Z,120,6,HAMOON,NI
2023294N09264-CE01-L024,2023294N09264,2023-10-24T06:00:00Z,30,6,OTIS,EP
2023294N09264-CE01-L048,2023294N09264,2023-10-23T06:00:00Z,54,6,OTIS,EP
2023294N09264-CE01-L072,2023294N09264,2023-10-22T06:00:00Z,78,6,OTIS,EP
2023294N09264-CE01-L096,2023294N09264,2023-10-21T06:00:00Z,102,6,OTIS,EP
2023294N09264-CE01-L120,2023294N09264,2023-10-20T06:00:00Z,126,6,OTIS,EP
2023334N08088-CE01-L024,2023334N08088,2023-12-04T06:00:00Z,24,6,MICHAUNG,NI
2023334N08088-CE01-L048,2023334N08088,2023-12-03T06:00:00Z,48,6,MICHAUNG,NI
2023334N08088-CE01-L072,2023334N08088,2023-12-02T06:00:00Z,72,6,MICHAUNG,NI
2023334N08088-CE01-L096,2023334N08088,2023-12-01T06:00:00Z,96,6,MICHAUNG,NI
2023334N08088-CE01-L120,2023334N08088,2023-11-30T06:00:00Z,120,6,MICHAUNG,NI
2023364S19035-CE01-L024,2023364S19035,2023-12-31T18:00:00Z,24,6,ALVARO,SI
2023364S19035-CE01-L048,2023364S19035,2023-12-30T18:00:00Z,48,6,ALVARO,SI
2023364S19035-CE01-L072,2023364S19035,2023-12-29T18:00:00Z,72,6,ALVARO,SI
2023364S19035-CE01-L096,2023364S19035,2023-12-28T18:00:00Z,96,6,ALVARO,SI
2023364S19035-CE01-L120,2023364S19035,2023-12-27T18:00:00Z,120,6,ALVARO,SI
2024012S12059-CE01-L024,2024012S12059,2024-01-12T06:00:00Z,30,6,BELAL,SI
2024012S12059-CE01-L048,2024012S12059,2024-01-11T06:00:00Z,54,6,BELAL,SI
2024012S12059-CE01-L072,2024012S12059,2024-01-10T06:00:00Z,78,6,BELAL,SI
2024012S12059-CE01-L096,2024012S12059,2024-01-09T06:00:00Z,102,6,BELAL,SI
2024012S12059-CE01-L120,2024012S12059,2024-01-08T06:00:00Z,126,6,BELAL,SI
2024012S12059-CE02-L024,2024012S12059,2024-01-14T06:00:00Z,30,6,BELAL,SI
2024012S12059-CE02-L048,2024012S12059,2024-01-13T06:00:00Z,54,6,BELAL,SI
2024012S12059-CE02-L072,2024012S12059,2024-01-12T06:00:00Z,78,6,BELAL,SI
2024012S12059-CE02-L096,2024012S12059,2024-01-11T06:00:00Z,102,6,BELAL,SI
2024012S12059-CE02-L120,2024012S12059,2024-01-10T06:00:00Z,126,6,BELAL,SI
2024073S14128-CE01-L024,2024073S14128,2024-03-12T18:00:00Z,24,6,MEGAN,SI
2024073S14128-CE01-L048,2024073S14128,2024-03-11T18:00:00Z,48,6,MEGAN,SI
2024073S14128-CE01-L072,2024073S14128,2024-03-10T18:00:00Z,72,6,MEGAN,SI
2024073S14128-CE01-L096,2024073S14128,2024-03-09T18:00:00Z,96,6,MEGAN,SI
2024073S14128-CE01-L120,2024073S14128,2024-03-08T18:00:00Z,120,6,MEGAN,SI
2024082S08054-CE01-L024,2024082S08054,2024-03-26T00:00:00Z,30,6,GAMANE,SI
2024082S08054-CE01-L048,2024082S08054,2024-03-25T00:00:00Z,54,6,GAMANE,SI
2024082S08054-CE01-L072,2024082S08054,2024-03-24T00:00:00Z,78,6,GAMANE,SI
2024082S08054-CE01-L096,2024082S08054,2024-03-23T00:00:00Z,102,6,GAMANE,SI
2024082S08054-CE01-L120,2024082S08054,2024-03-22T00:00:00Z,126,6,GAMANE,SI
2024121S07047-CE01-L024,2024121S07047,2024-05-03T06:00:00Z,30,6,HIDAYA,SI
2024121S07047-CE01-L048,2024121S07047,2024-05-02T06:00:00Z,54,6,HIDAYA,SI
2024121S07047-CE01-L072,2024121S07047,2024-05-01T06:00:00Z,78,6,HIDAYA,SI
2024121S07047-CE01-L096,2024121S07047,2024-04-30T06:00:00Z,102,6,HIDAYA,SI
2024121S07047-CE01-L120,2024121S07047,2024-04-29T06:00:00Z,126,6,HIDAYA,SI
2024141N03142-CE01-L024,2024141N03142,2024-05-25T12:00:00Z,24,6,EWINIAR,WP
2024141N03142-CE01-L048,2024141N03142,2024-05-24T12:00:00Z,48,6,EWINIAR,WP
2024141N03142-CE01-L072,2024141N03142,2024-05-23T12:00:00Z,72,6,EWINIAR,WP
2024141N03142-CE01-L096,2024141N03142,2024-05-22T12:00:00Z,96,6,EWINIAR,WP
2024141N03142-CE01-L120,2024141N03142,2024-05-21T12:00:00Z,120,6,EWINIAR,WP
2024141N03142-CE02-L024,2024141N03142,2024-05-28T00:00:00Z,30,6,EWINIAR,WP
2024141N03142-CE02-L048,2024141N03142,2024-05-27T00:00:00Z,54,6,EWINIAR,WP
2024141N03142-CE02-L072,2024141N03142,2024-05-26T00:00:00Z,78,6,EWINIAR,WP
2024141N03142-CE02-L096,2024141N03142,2024-05-25T00:00:00Z,102,6,EWINIAR,WP
2024141N03142-CE02-L120,2024141N03142,2024-05-24T00:00:00Z,126,6,EWINIAR,WP
2024181N09320-CE01-L024,2024181N09320,2024-06-30T18:00:00Z,24,6,BERYL,NA
2024181N09320-CE01-L048,2024181N09320,2024-06-29T18:00:00Z,48,6,BERYL,NA
2024181N09320-CE01-L072,2024181N09320,2024-06-28T18:00:00Z,72,6,BERYL,NA
2024181N09320-CE01-L096,2024181N09320,2024-06-27T18:00:00Z,96,6,BERYL,NA
2024181N09320-CE01-L120,2024181N09320,2024-06-26T18:00:00Z,120,6,BERYL,NA
2024181N09320-CE02-L024,2024181N09320,2024-07-03T00:00:00Z,24,6,BERYL,NA
2024181N09320-CE02-L048,2024181N09320,2024-07-02T00:00:00Z,48,6,BERYL,NA
2024181N09320-CE02-L072,2024181N09320,2024-07-01T00:00:00Z,72,6,BERYL,NA
2024181N09320-CE02-L096,2024181N09320,2024-06-30T00:00:00Z,96,6,BERYL,NA
2024181N09320-CE02-L120,2024181N09320,2024-06-29T00:00:00Z,120,6,BERYL,NA
2024181N09320-CE03-L024,2024181N09320,2024-07-04T12:00:00Z,24,6,BERYL,NA
2024181N09320-CE03-L048,2024181N09320,2024-07-03T12:00:00Z,48,6,BERYL,NA
2024181N09320-CE03-L072,2024181N09320,2024-07-02T12:00:00Z,72,6,BERYL,NA
2024181N09320-CE03-L096,2024181N09320,2024-07-01T12:00:00Z,96,6,BERYL,NA
2024181N09320-CE03-L120,2024181N09320,2024-06-30T12:00:00Z,120,6,BERYL,NA
2024181N09320-CE04-L024,2024181N09320,2024-07-07T06:00:00Z,30,6,BERYL,NA
2024181N09320-CE04-L048,2024181N09320,2024-07-06T06:00:00Z,54,6,BERYL,NA
2024181N09320-CE04-L072,2024181N09320,2024-07-05T06:00:00Z,78,6,BERYL,NA
2024181N09320-CE04-L096,2024181N09320,2024-07-04T06:00:00Z,102,6,BERYL,NA
2024181N09320-CE04-L120,2024181N09320,2024-07-03T06:00:00Z,126,6,BERYL,NA
2024201N12133-CE01-L024,2024201N12133,2024-07-23T18:00:00Z,24,6,GAEMI,WP
2024201N12133-CE01-L048,2024201N12133,2024-07-22T18:00:00Z,48,6,GAEMI,WP
2024201N12133-CE01-L072,2024201N12133,2024-07-21T18:00:00Z,72,6,GAEMI,WP
2024201N12133-CE01-L096,2024201N12133,2024-07-20T18:00:00Z,96,6,GAEMI,WP
2024201N12133-CE01-L120,2024201N12133,2024-07-19T18:00:00Z,120,6,GAEMI,WP
2024213N14254-CE01-L024,2024213N14254,2024-08-01T12:00:00Z,30,6,CARLOTTA,EP
2024213N14254-CE01-L048,2024213N14254,2024-07-31T12:00:00Z,54,6,CARLOTTA,EP
2024213N14254-CE01-L072,2024213N14254,2024-07-30T12:00:00Z,78,6,CARLOTTA,EP
2024213N14254-CE01-L096,2024213N14254,2024-07-29T12:00:00Z,102,6,CARLOTTA,EP
2024213N14254-CE01-L120,2024213N14254,2024-07-28T12:00:00Z,126,6,CARLOTTA,EP
2024216N20284-CE01-L024,2024216N20284,2024-08-02T00:00:00Z,30,6,DEBBY,NA
2024216N20284-CE01-L048,2024216N20284,2024-08-01T00:00:00Z,54,6,DEBBY,NA
2024216N20284-CE01-L072,2024216N20284,2024-07-31T00:00:00Z,78,6,DEBBY,NA
2024216N20284-CE01-L096,2024216N20284,2024-07-30T00:00:00Z,102,6,DEBBY,NA
2024216N20284-CE01-L120,2024216N20284,2024-07-29T00:00:00Z,126,6,DEBBY,NA
2024225N14313-CE01-L024,2024225N14313,2024-08-12T12:00:00Z,24,6,ERNESTO,NA
2024225N14313-CE01-L048,2024225N14313,2024-08-11T12:00:00Z,48,6,ERNESTO,NA
2024225N14313-CE01-L072,2024225N14313,2024-08-10T12:00:00Z,72,6,ERNESTO,NA
2024225N14313-CE01-L096,2024225N14313,2024-08-09T12:00:00Z,96,6,ERNESTO,NA
2024225N14313-CE01-L120,2024225N14313,2024-08-08T12:00:00Z,120,6,ERNESTO,NA
2024225N22135-CE01-L024,2024225N22135,2024-08-14T06:00:00Z,30,6,AMPIL,WP
2024225N22135-CE01-L048,2024225N22135,2024-08-13T06:00:00Z,54,6,AMPIL,WP
2024225N22135-CE01-L072,2024225N22135,2024-08-12T06:00:00Z,78,6,AMPIL,WP
2024225N22135-CE01-L096,2024225N22135,2024-08-11T06:00:00Z,102,6,AMPIL,WP
2024225N22135-CE01-L120,2024225N22135,2024-08-10T06:00:00Z,126,6,AMPIL,WP
2024225N14313-CE02-L024,2024225N14313,2024-08-16T06:00:00Z,30,6,ERNESTO,NA
2024225N14313-CE02-L048,2024225N14313,2024-08-15T06:00:00Z,54,6,ERNESTO,NA
2024225N14313-CE02-L072,2024225N14313,2024-08-14T06:00:00Z,78,6,ERNESTO,NA
2024225N14313-CE02-L096,2024225N14313,2024-08-13T06:00:00Z,102,6,ERNESTO,NA
2024225N14313-CE02-L120,2024225N14313,2024-08-12T06:00:00Z,126,6,ERNESTO,NA
2024225N14313-CE03-L024,2024225N14313,2024-08-19T06:00:00Z,24,6,ERNESTO,NA
2024225N14313-CE03-L048,2024225N14313,2024-08-18T06:00:00Z,48,6,ERNESTO,NA
2024225N14313-CE03-L072,2024225N14313,2024-08-17T06:00:00Z,72,6,ERNESTO,NA
2024225N14313-CE03-L096,2024225N14313,2024-08-16T06:00:00Z,96,6,ERNESTO,NA
2024225N14313-CE03-L120,2024225N14313,2024-08-15T06:00:00Z,120,6,ERNESTO,NA
2024233N15148-CE02-L024,2024233N15148,2024-08-28T00:00:00Z,24,6,SHANSHAN,WP
2024233N15148-CE02-L048,2024233N15148,2024-08-27T00:00:00Z,48,6,SHANSHAN,WP
2024233N15148-CE02-L072,2024233N15148,2024-08-26T00:00:00Z,72,6,SHANSHAN,WP
2024233N15148-CE02-L096,2024233N15148,2024-08-25T00:00:00Z,96,6,SHANSHAN,WP
2024233N15148-CE02-L120,2024233N15148,2024-08-24T00:00:00Z,120,6,SHANSHAN,WP
2024244N09137-CE01-L024,2024244N09137,2024-09-05T06:00:00Z,30,6,YAGI,WP
2024244N09137-CE01-L048,2024244N09137,2024-09-04T06:00:00Z,54,6,YAGI,WP
2024244N09137-CE01-L072,2024244N09137,2024-09-03T06:00:00Z,78,6,YAGI,WP
2024244N09137-CE01-L096,2024244N09137,2024-09-02T06:00:00Z,102,6,YAGI,WP
2024244N09137-CE01-L120,2024244N09137,2024-09-01T06:00:00Z,126,6,YAGI,WP
2024253N21266-CE01-L024,2024253N21266,2024-09-11T00:00:00Z,24,6,FRANCINE,NA
2024253N21266-CE01-L048,2024253N21266,2024-09-10T00:00:00Z,48,6,FRANCINE,NA
2024253N21266-CE01-L072,2024253N21266,2024-09-09T00:00:00Z,72,6,FRANCINE,NA
2024253N21266-CE01-L096,2024253N21266,2024-09-08T00:00:00Z,96,6,FRANCINE,NA
2024253N21266-CE01-L120,2024253N21266,2024-09-07T00:00:00Z,120,6,FRANCINE,NA
2024253N11148-CE01-L024,2024253N11148,2024-09-13T12:00:00Z,24,6,BEBINCA,WP
2024253N11148-CE01-L048,2024253N11148,2024-09-12T12:00:00Z,48,6,BEBINCA,WP
2024253N11148-CE01-L072,2024253N11148,2024-09-11T12:00:00Z,72,6,BEBINCA,WP
2024253N11148-CE01-L096,2024253N11148,2024-09-10T12:00:00Z,96,6,BEBINCA,WP
2024253N11148-CE01-L120,2024253N11148,2024-09-09T12:00:00Z,120,6,BEBINCA,WP
2024253N11148-CE02-L024,2024253N11148,2024-09-15T00:00:00Z,24,6,BEBINCA,WP
2024253N11148-CE02-L048,2024253N11148,2024-09-14T00:00:00Z,48,6,BEBINCA,WP
2024253N11148-CE02-L072,2024253N11148,2024-09-13T00:00:00Z,72,6,BEBINCA,WP
2024253N11148-CE02-L096,2024253N11148,2024-09-12T00:00:00Z,96,6,BEBINCA,WP
2024253N11148-CE02-L120,2024253N11148,2024-09-11T00:00:00Z,120,6,BEBINCA,WP
2024267N14261-CE01-L024,2024267N14261,2024-09-23T00:00:00Z,30,6,JOHN,EP
2024267N14261-CE01-L048,2024267N14261,2024-09-22T00:00:00Z,54,6,JOHN,EP
2024267N14261-CE01-L072,2024267N14261,2024-09-21T00:00:00Z,78,6,JOHN,EP
2024267N14261-CE01-L096,2024267N14261,2024-09-20T00:00:00Z,102,6,JOHN,EP
2024267N14261-CE01-L120,2024267N14261,2024-09-19T00:00:00Z,126,6,JOHN,EP
2024268N17278-CE01-L024,2024268N17278,2024-09-26T06:00:00Z,24,6,HELENE,NA
2024268N17278-CE01-L048,2024268N17278,2024-09-25T06:00:00Z,48,6,HELENE,NA
2024268N17278-CE01-L072,2024268N17278,2024-09-24T06:00:00Z,72,6,HELENE,NA
2024268N17278-CE01-L096,2024268N17278,2024-09-23T06:00:00Z,96,6,HELENE,NA
2024268N17278-CE01-L120,2024268N17278,2024-09-22T06:00:00Z,120,6,HELENE,NA
2024267N14261-CE02-L024,2024267N14261,2024-09-26T18:00:00Z,24,6,JOHN,EP
2024267N14261-CE02-L048,2024267N14261,2024-09-25T18:00:00Z,48,6,JOHN,EP
2024267N14261-CE02-L072,2024267N14261,2024-09-24T18:00:00Z,72,6,JOHN,EP
2024267N14261-CE02-L096,2024267N14261,2024-09-23T18:00:00Z,96,6,JOHN,EP
2024267N14261-CE02-L120,2024267N14261,2024-09-22T18:00:00Z,120,6,JOHN,EP
2024270N24128-CE01-L024,2024270N24128,2024-10-02T06:00:00Z,24,6,KRATHON,WP
2024270N24128-CE01-L048,2024270N24128,2024-10-01T06:00:00Z,48,6,KRATHON,WP
2024270N24128-CE01-L072,2024270N24128,2024-09-30T06:00:00Z,72,6,KRATHON,WP
2024270N24128-CE01-L096,2024270N24128,2024-09-29T06:00:00Z,96,6,KRATHON,WP
2024270N24128-CE01-L120,2024270N24128,2024-09-28T06:00:00Z,120,6,KRATHON,WP
2024279N21265-CE01-L024,2024279N21265,2024-10-07T06:00:00Z,30,6,MILTON,NA
2024279N21265-CE01-L048,2024279N21265,2024-10-06T06:00:00Z,54,6,MILTON,NA
2024279N21265-CE01-L072,2024279N21265,2024-10-05T06:00:00Z,78,6,MILTON,NA
2024279N21265-CE01-L096,2024279N21265,2024-10-04T06:00:00Z,102,6,MILTON,NA
2024279N21265-CE01-L120,2024279N21265,2024-10-03T06:00:00Z,126,6,MILTON,NA
2024279N21265-CE02-L024,2024279N21265,2024-10-09T00:00:00Z,30,6,MILTON,NA
2024279N21265-CE02-L048,2024279N21265,2024-10-08T00:00:00Z,54,6,MILTON,NA
2024279N21265-CE02-L072,2024279N21265,2024-10-07T00:00:00Z,78,6,MILTON,NA
2024279N21265-CE02-L096,2024279N21265,2024-10-06T00:00:00Z,102,6,MILTON,NA
2024279N21265-CE02-L120,2024279N21265,2024-10-05T00:00:00Z,126,6,MILTON,NA
2024279N21265-CE03-L024,2024279N21265,2024-10-09T06:00:00Z,30,6,MILTON,NA
2024279N21265-CE03-L048,2024279N21265,2024-10-08T06:00:00Z,54,6,MILTON,NA
2024279N21265-CE03-L072,2024279N21265,2024-10-07T06:00:00Z,78,6,MILTON,NA
2024279N21265-CE03-L096,2024279N21265,2024-10-06T06:00:00Z,102,6,MILTON,NA
2024279N21265-CE03-L120,2024279N21265,2024-10-05T06:00:00Z,126,6,MILTON,NA
2024293N21294-CE01-L024,2024293N21294,2024-10-18T18:00:00Z,30,6,OSCAR,NA
2024293N21294-CE01-L048,2024293N21294,2024-10-17T18:00:00Z,54,6,OSCAR,NA
2024293N21294-CE01-L072,2024293N21294,2024-10-16T18:00:00Z,78,6,OSCAR,NA
2024293N21294-CE01-L096,2024293N21294,2024-10-15T18:00:00Z,102,6,OSCAR,NA
2024293N21294-CE01-L120,2024293N21294,2024-10-14T18:00:00Z,126,6,OSCAR,NA
2024295N15092-CE01-L024,2024295N15092,2024-10-23T18:00:00Z,30,6,DANA,NI
2024295N15092-CE01-L048,2024295N15092,2024-10-22T18:00:00Z,54,6,DANA,NI
2024295N15092-CE01-L072,2024295N15092,2024-10-21T18:00:00Z,78,6,DANA,NI
2024295N15092-CE01-L096,2024295N15092,2024-10-20T18:00:00Z,102,6,DANA,NI
2024295N15092-CE01-L120,2024295N15092,2024-10-19T18:00:00Z,126,6,DANA,NI
2024293N13141-CE01-L024,2024293N13141,2024-10-26T06:00:00Z,24,6,TRAMI,WP
2024293N13141-CE01-L048,2024293N13141,2024-10-25T06:00:00Z,48,6,TRAMI,WP
2024293N13141-CE01-L072,2024293N13141,2024-10-24T06:00:00Z,72,6,TRAMI,WP
2024293N13141-CE01-L096,2024293N13141,2024-10-23T06:00:00Z,96,6,TRAMI,WP
2024293N13141-CE01-L120,2024293N13141,2024-10-22T06:00:00Z,120,6,TRAMI,WP
2024298N13150-CE01-L024,2024298N13150,2024-10-30T06:00:00Z,24,6,KONG-REY,WP
2024298N13150-CE01-L048,2024298N13150,2024-10-29T06:00:00Z,48,6,KONG-REY,WP
2024298N13150-CE01-L072,2024298N13150,2024-10-28T06:00:00Z,72,6,KONG-REY,WP
2024298N13150-CE01-L096,2024298N13150,2024-10-27T06:00:00Z,96,6,KONG-REY,WP
2024298N13150-CE01-L120,2024298N13150,2024-10-26T06:00:00Z,120,6,KONG-REY,WP
2024309N13283-CE01-L024,2024309N13283,2024-11-05T18:00:00Z,24,6,RAFAEL,NA
2024309N13283-CE01-L048,2024309N13283,2024-11-04T18:00:00Z,48,6,RAFAEL,NA
2024309N13283-CE01-L072,2024309N13283,2024-11-03T18:00:00Z,72,6,RAFAEL,NA
2024309N13283-CE01-L096,2024309N13283,2024-11-02T18:00:00Z,96,6,RAFAEL,NA
2024309N13283-CE01-L120,2024309N13283,2024-11-01T18:00:00Z,120,6,RAFAEL,NA
2024307N06143-CE01-L024,2024307N06143,2024-11-06T06:00:00Z,30,6,YINXING,WP
2024307N06143-CE01-L048,2024307N06143,2024-11-05T06:00:00Z,54,6,YINXING,WP
2024307N06143-CE01-L072,2024307N06143,2024-11-04T06:00:00Z,78,6,YINXING,WP
2024307N06143-CE01-L096,2024307N06143,2024-11-03T06:00:00Z,102,6,YINXING,WP
2024307N06143-CE01-L120,2024307N06143,2024-11-02T06:00:00Z,126,6,YINXING,WP
2024312N14145-CE01-L024,2024312N14145,2024-11-10T00:00:00Z,30,6,TORAJI,WP
2024312N14145-CE01-L048,2024312N14145,2024-11-09T00:00:00Z,54,6,TORAJI,WP
2024312N14145-CE01-L072,2024312N14145,2024-11-08T00:00:00Z,78,6,TORAJI,WP
2024312N14145-CE01-L096,2024312N14145,2024-11-07T00:00:00Z,102,6,TORAJI,WP
2024312N14145-CE01-L120,2024312N14145,2024-11-06T00:00:00Z,126,6,TORAJI,WP
2024314N07151-CE01-L024,2024314N07151,2024-11-13T06:00:00Z,24,6,USAGI,WP
2024314N07151-CE01-L048,2024314N07151,2024-11-12T06:00:00Z,48,6,USAGI,WP
2024314N07151-CE01-L072,2024314N07151,2024-11-11T06:00:00Z,72,6,USAGI,WP
2024314N07151-CE01-L096,2024314N07151,2024-11-10T06:00:00Z,96,6,USAGI,WP
2024314N07151-CE01-L120,2024314N07151,2024-11-09T06:00:00Z,120,6,USAGI,WP
2024313N10169-CE01-L024,2024313N10169,2024-11-15T12:00:00Z,30,6,MAN-YI,WP
2024313N10169-CE01-L048,2024313N10169,2024-11-14T12:00:00Z,54,6,MAN-YI,WP
2024313N10169-CE01-L072,2024313N10169,2024-11-13T12:00:00Z,78,6,MAN-YI,WP
2024313N10169-CE01-L096,2024313N10169,2024-11-12T12:00:00Z,102,6,MAN-YI,WP
2024313N10169-CE01-L120,2024313N10169,2024-11-11T12:00:00Z,126,6,MAN-YI,WP
2024313N10169-CE02-L024,2024313N10169,2024-11-16T12:00:00Z,30,6,MAN-YI,WP
2024313N10169-CE02-L048,2024313N10169,2024-11-15T12:00:00Z,54,6,MAN-YI,WP
2024313N10169-CE02-L072,2024313N10169,2024-11-14T12:00:00Z,78,6,MAN-YI,WP
2024313N10169-CE02-L096,2024313N10169,2024-11-13T12:00:00Z,102,6,MAN-YI,WP
2024313N10169-CE02-L120,2024313N10169,2024-11-12T12:00:00Z,126,6,MAN-YI,WP
